<?xml version="1.0" encoding="utf-8" ?>
<dwsync>
<file name="bnr2.jpg" server="www.acnfoundation.net//public_html/" local="131122912101554456" remote="131135218200000000" Dst="0" />
<file name="bnr3.jpg" server="www.acnfoundation.net//public_html/" local="131122912087441011" remote="131135218200000000" Dst="0" />
<file name="bnr3_old.jpg" server="www.acnfoundation.net//public_html/" local="131122912073185476" remote="131135218200000000" Dst="0" />
<file name="bnr4.jpg" server="www.acnfoundation.net//public_html/" local="131122912056479104" remote="131135218200000000" Dst="0" />
<file name="bnr5.jpg" server="www.acnfoundation.net//public_html/" local="131122912039826038" remote="131135218200000000" Dst="0" />
<file name="bnr6.jpg" server="www.acnfoundation.net//public_html/" local="131122912025797750" remote="131135218200000000" Dst="0" />
<file name="bnr2.jpg" server="www.acnfoundation.org//public_html/" local="131122912101554456" remote="131533460400000000" Dst="0" />
<file name="bnr3.jpg" server="www.acnfoundation.org//public_html/" local="131122912087441011" remote="131533460400000000" Dst="0" />
<file name="bnr3_old.jpg" server="www.acnfoundation.org//public_html/" local="131122912073185476" remote="131533461000000000" Dst="0" />
<file name="bnr4.jpg" server="www.acnfoundation.org//public_html/" local="131122912056479104" remote="131533461000000000" Dst="0" />
<file name="bnr5.jpg" server="www.acnfoundation.org//public_html/" local="131122912039826038" remote="131533461000000000" Dst="0" />
<file name="bnr6.jpg" server="www.acnfoundation.org//public_html/" local="131122912025797750" remote="131533461000000000" Dst="0" />
</dwsync>