<?xml version="1.0" encoding="utf-8" ?>
<dwsync>
<file name="SpryMenuBar.js" server="www.acnfoundation.net//public_html/" local="131122912168299713" remote="131135218200000000" Dst="0" />
<file name="SpryMenuBarDown.gif" server="www.acnfoundation.net//public_html/" local="131122912154375488" remote="131135218200000000" Dst="0" />
<file name="SpryMenuBarDownHover.gif" server="www.acnfoundation.net//public_html/" local="131122912146093833" remote="131135218200000000" Dst="0" />
<file name="SpryMenuBarHorizontal.css" server="www.acnfoundation.net//public_html/" local="131122912134845159" remote="131135218200000000" Dst="0" />
<file name="SpryMenuBarRight.gif" server="www.acnfoundation.net//public_html/" local="131122912123783242" remote="131135218200000000" Dst="0" />
<file name="SpryMenuBarRightHover.gif" server="www.acnfoundation.net//public_html/" local="131122912115345971" remote="131135218200000000" Dst="0" />
<file name="SpryMenuBar.js" server="www.acnfoundation.org//public_html/" local="131122912168299713" remote="131533461000000000" Dst="0" />
<file name="SpryMenuBarDown.gif" server="www.acnfoundation.org//public_html/" local="131122912154375488" remote="131533461000000000" Dst="0" />
<file name="SpryMenuBarDownHover.gif" server="www.acnfoundation.org//public_html/" local="131122912146093833" remote="131533461000000000" Dst="0" />
<file name="SpryMenuBarHorizontal.css" server="www.acnfoundation.org//public_html/" local="131122912134845159" remote="131533461000000000" Dst="0" />
<file name="SpryMenuBarRightHover.gif" server="www.acnfoundation.org//public_html/" local="131122912115345971" remote="131533461000000000" Dst="0" />
<file name="SpryMenuBarRight.gif" server="www.acnfoundation.org//public_html/" local="131122912123783242" remote="131533461000000000" Dst="0" />
</dwsync>