<?xml version="1.0" encoding="utf-8" ?>
<dwsync>
<file name="aboutus.php" server="www.acnfoundation.net//public_html/" local="131135112918667846" remote="131135217000000000" Dst="0" />
<file name="aboutus_content.php" server="www.acnfoundation.net//public_html/" local="131134997547503287" remote="131135217000000000" Dst="0" />
<file name="activate.php" server="www.acnfoundation.net//public_html/" local="131122911305763338" remote="131135217000000000" Dst="0" />
<file name="activities.php" server="www.acnfoundation.net//public_html/" local="131135114682351181" remote="131135217000000000" Dst="0" />
<file name="activities_content.php" server="www.acnfoundation.net//public_html/" local="131122911314110597" remote="131135217000000000" Dst="0" />
<file name="boardtopic.php" server="www.acnfoundation.net//public_html/" local="131122911314735618" remote="131135217000000000" Dst="0" />
<file name="boardtopic_code.php" server="www.acnfoundation.net//public_html/" local="131122911322391944" remote="131135217000000000" Dst="0" />
<file name="conn.php" server="www.acnfoundation.net//public_html/" local="131122911323016955" remote="131135217000000000" Dst="0" />
<file name="contact.php" server="www.acnfoundation.net//public_html/" local="131135119111476021" remote="131135217000000000" Dst="0" />
<file name="contact_content.php" server="www.acnfoundation.net//public_html/" local="131135147338244781" remote="131135217000000000" Dst="0" />
<file name="createtopic.php" server="www.acnfoundation.net//public_html/" local="131122911330936946" remote="131135217000000000" Dst="0" />
<file name="createtopic_code.php" server="www.acnfoundation.net//public_html/" local="131122911331405702" remote="131135217000000000" Dst="0" />
<file name="discussionboard.php" server="www.acnfoundation.net//public_html/" local="131122911339176189" remote="131135217000000000" Dst="0" />
<file name="discussionboardheader.php" server="www.acnfoundation.net//public_html/" local="131122911347770032" remote="131135217000000000" Dst="0" />
<file name="discussionboard_code.php" server="www.acnfoundation.net//public_html/" local="131122911339801191" remote="131135217000000000" Dst="0" />
<file name="events.php" server="www.acnfoundation.net//public_html/" local="131135115293268180" remote="131135217000000000" Dst="0" />
<file name="events_content.php" server="www.acnfoundation.net//public_html/" local="131135174999059983" remote="131135217000000000" Dst="0" />
<file name="footer.php" server="www.acnfoundation.net//public_html/" local="131127253149857858" remote="131135217000000000" Dst="0" />
<file name="forum.php" server="www.acnfoundation.net//public_html/" local="131122911364319575" remote="131135217000000000" Dst="0" />
<file name="forum_content.php" server="www.acnfoundation.net//public_html/" local="131122911364944581" remote="131135217000000000" Dst="0" />
<file name="frontpage.php" server="www.acnfoundation.net//public_html/" local="131127297014207202" remote="131135217000000000" Dst="0" />
<file name="header.php" server="www.acnfoundation.net//public_html/" local="131135194287227295" remote="131135230200000000" Dst="0" />
<file name="imageslider.php" server="www.acnfoundation.net//public_html/" local="131122970818483794" remote="131135217600000000" Dst="0" />
<file name="index.php" server="www.acnfoundation.net//public_html/" local="131122969505388521" remote="131135217600000000" Dst="0" />
<file name="logout.php" server="www.acnfoundation.net//public_html/" local="131122911389437819" remote="131135217600000000" Dst="0" />
<file name="mailtest1.php" server="www.acnfoundation.net//public_html/" local="131122911390033733" remote="131135217600000000" Dst="0" />
<file name="mailtest2.php" server="www.acnfoundation.net//public_html/" local="131122911397731585" remote="131135217600000000" Dst="0" />
<file name="mailtest3.php" server="www.acnfoundation.net//public_html/" local="131122911398402275" remote="131135217600000000" Dst="0" />
<file name="mainstylesheet.css" server="www.acnfoundation.net//public_html/" local="131127273390694758" remote="131135217600000000" Dst="0" />
<file name="profiles.php" server="www.acnfoundation.net//public_html/" local="131122911406754861" remote="131135217600000000" Dst="0" />
<file name="profiles_content.php" server="www.acnfoundation.net//public_html/" local="131122911414331079" remote="131135217600000000" Dst="0" />
<file name="programmes.php" server="www.acnfoundation.net//public_html/" local="131135063008466193" remote="131135217600000000" Dst="0" />
<file name="programmesimp.php" server="www.acnfoundation.net//public_html/" local="131122911423328061" remote="131135217600000000" Dst="0" />
<file name="programmesimp_content.php" server="www.acnfoundation.net//public_html/" local="131122911431520660" remote="131135217600000000" Dst="0" />
<file name="programmes_content.php" server="www.acnfoundation.net//public_html/" local="131135112350923378" remote="131135218200000000" Dst="0" />
<file name="registerlogin.php" server="www.acnfoundation.net//public_html/" local="131122911431676538" remote="131135218200000000" Dst="0" />
<file name="registerlogin_content.php" server="www.acnfoundation.net//public_html/" local="131122911439978487" remote="131135218200000000" Dst="0" />
<file name="regmailnotice.php" server="www.acnfoundation.net//public_html/" local="131122911439978487" remote="131135218200000000" Dst="0" />
<file name="signup.php" server="www.acnfoundation.net//public_html/" local="131122911448264177" remote="131135218200000000" Dst="0" />
<file name="signupcompleted.php" server="www.acnfoundation.net//public_html/" local="131122911457057532" remote="131135218200000000" Dst="0" />
<file name="signupcompleted_content.php" server="www.acnfoundation.net//public_html/" local="131122911456745362" remote="131135218200000000" Dst="0" />
<file name="signup_content.php" server="www.acnfoundation.net//public_html/" local="131122911448264177" remote="131135218200000000" Dst="0" />
<file name="tinex_expo2014.php" server="www.acnfoundation.net//public_html/" local="131122911465157021" remote="131135218200000000" Dst="0" />
<file name="tinex_expo_content.php" server="www.acnfoundation.net//public_html/" local="131122911468275906" remote="131135218200000000" Dst="0" />
<file name="tradeinvestmentbar.php" server="www.acnfoundation.net//public_html/" local="131122911473493153" remote="131135218200000000" Dst="0" />
<file name="uploader1.php" server="www.acnfoundation.net//public_html/" local="131122911476605161" remote="131135218200000000" Dst="0" />
<file name="acnf_backup.rar" server="www.acnfoundation.net//public_html/" local="131127078369423378" remote="131135224200000000" Dst="0" />
</dwsync>