<?xml version="1.0" encoding="utf-8" ?>
<dwsync>
<file name="nepc.jpg" server="www.acnfoundation.net//public_html/" local="131146390652064699" remote="131146436400000000" Dst="0" />
<file name="nepc_1.png" server="www.acnfoundation.net//public_html/" local="131146395005218900" remote="131146436400000000" Dst="0" />
<file name="nipc_1.png" server="www.acnfoundation.net//public_html/" local="131146395107881648" remote="131146436400000000" Dst="0" />
<file name="shield.jpg" server="www.acnfoundation.net//public_html/" local="131146390947023852" remote="131146436400000000" Dst="0" />
<file name="nipc.jpg" server="www.acnfoundation.net//public_html/" local="131146389017929482" remote="131146436400000000" Dst="0" />
<file name="shield_1.png" server="www.acnfoundation.net//public_html/" local="131146394875547081" remote="131146436400000000" Dst="0" />
<file name="abuja_investment.jpg" server="www.acnfoundation.net//public_html/" local="131147143963000153" remote="131147211600000000" Dst="0" />
<file name="abuja_investment_1.jpg" server="www.acnfoundation.net//public_html/" local="131147160579381712" remote="131147211600000000" Dst="0" />
<file name="foreignaffairs_1.jpg" server="www.acnfoundation.net//public_html/" local="131147163641005468" remote="131147211600000000" Dst="0" />
<file name="man.jpg" server="www.acnfoundation.net//public_html/" local="131147145180849605" remote="131147211600000000" Dst="0" />
<file name="man_1.jpg" server="www.acnfoundation.net//public_html/" local="131147164354243337" remote="131147211600000000" Dst="0" />
<file name="foreignaffairs.jpg" server="www.acnfoundation.net//public_html/" local="131147153000289110" remote="131147211600000000" Dst="0" />
<file name="nafdac.jpg" server="www.acnfoundation.net//public_html/" local="131147149981739568" remote="131147211600000000" Dst="0" />
<file name="nafdac_1.jpg" server="www.acnfoundation.net//public_html/" local="131147165351028515" remote="131147211600000000" Dst="0" />
<file name="nexim.jpg" server="www.acnfoundation.net//public_html/" local="131147150484166117" remote="131147211600000000" Dst="0" />
<file name="nnpc.jpg" server="www.acnfoundation.net//public_html/" local="131147150827385198" remote="131147211600000000" Dst="0" />
<file name="nnpc_1.jpg" server="www.acnfoundation.net//public_html/" local="131147161829886358" remote="131147211600000000" Dst="0" />
<file name="nta.jpg" server="www.acnfoundation.net//public_html/" local="131147151860988393" remote="131147211600000000" Dst="0" />
<file name="rmrdc_1.jpg" server="www.acnfoundation.net//public_html/" local="131147168199977514" remote="131147211600000000" Dst="0" />
<file name="nta_1.jpg" server="www.acnfoundation.net//public_html/" local="131147169426723886" remote="131147211600000000" Dst="0" />
<file name="rmrdc.jpg" server="www.acnfoundation.net//public_html/" local="131147144918831719" remote="131147211600000000" Dst="0" />
<file name="smedae_1.jpg" server="www.acnfoundation.net//public_html/" local="131147171750181122" remote="131147211600000000" Dst="0" />
<file name="tradeinvestment.jpg" server="www.acnfoundation.net//public_html/" local="131147152481640827" remote="131147211600000000" Dst="0" />
<file name="smedae.jpg" server="www.acnfoundation.net//public_html/" local="131147145510089024" remote="131147211600000000" Dst="0" />
<file name="tradeinvestment_1.jpg" server="www.acnfoundation.net//public_html/" local="131147172664502546" remote="131147211600000000" Dst="0" />
<file name="abuja_investment.jpg" server="www.acnfoundation.org//public_html/" local="131147143963000153" remote="131533460400000000" Dst="0" />
<file name="abuja_investment_1.jpg" server="www.acnfoundation.org//public_html/" local="131147160579381712" remote="131533460400000000" Dst="0" />
<file name="foreignaffairs.jpg" server="www.acnfoundation.org//public_html/" local="131147153000289110" remote="131533460400000000" Dst="0" />
<file name="foreignaffairs_1.jpg" server="www.acnfoundation.org//public_html/" local="131147163641005468" remote="131533460400000000" Dst="0" />
<file name="man.jpg" server="www.acnfoundation.org//public_html/" local="131147145180849605" remote="131533460400000000" Dst="0" />
<file name="man_1.jpg" server="www.acnfoundation.org//public_html/" local="131147164354243337" remote="131533460400000000" Dst="0" />
<file name="nafdac.jpg" server="www.acnfoundation.org//public_html/" local="131147149981739568" remote="131533460400000000" Dst="0" />
<file name="nafdac_1.jpg" server="www.acnfoundation.org//public_html/" local="131147165351028515" remote="131533460400000000" Dst="0" />
<file name="nepc.jpg" server="www.acnfoundation.org//public_html/" local="131146390652064699" remote="131533460400000000" Dst="0" />
<file name="nepc_1.png" server="www.acnfoundation.org//public_html/" local="131146395005218900" remote="131533460400000000" Dst="0" />
<file name="nexim.jpg" server="www.acnfoundation.org//public_html/" local="131147150484166117" remote="131533460400000000" Dst="0" />
<file name="nipc.jpg" server="www.acnfoundation.org//public_html/" local="131146389017929482" remote="131533460400000000" Dst="0" />
<file name="nipc_1.png" server="www.acnfoundation.org//public_html/" local="131146395107881648" remote="131533460400000000" Dst="0" />
<file name="nnpc.jpg" server="www.acnfoundation.org//public_html/" local="131147150827385198" remote="131533460400000000" Dst="0" />
<file name="nnpc_1.jpg" server="www.acnfoundation.org//public_html/" local="131147161829886358" remote="131533460400000000" Dst="0" />
<file name="nta.jpg" server="www.acnfoundation.org//public_html/" local="131147151860988393" remote="131533460400000000" Dst="0" />
<file name="nta_1.jpg" server="www.acnfoundation.org//public_html/" local="131147169426723886" remote="131533460400000000" Dst="0" />
<file name="rmrdc_1.jpg" server="www.acnfoundation.org//public_html/" local="131147168199977514" remote="131533460400000000" Dst="0" />
<file name="rmrdc.jpg" server="www.acnfoundation.org//public_html/" local="131147144918831719" remote="131533460400000000" Dst="0" />
<file name="shield.jpg" server="www.acnfoundation.org//public_html/" local="131146390947023852" remote="131533460400000000" Dst="0" />
<file name="shield_1.png" server="www.acnfoundation.org//public_html/" local="131146394875547081" remote="131533460400000000" Dst="0" />
<file name="smedae.jpg" server="www.acnfoundation.org//public_html/" local="131147145510089024" remote="131533460400000000" Dst="0" />
<file name="smedae_1.jpg" server="www.acnfoundation.org//public_html/" local="131147171750181122" remote="131533460400000000" Dst="0" />
<file name="tradeinvestment.jpg" server="www.acnfoundation.org//public_html/" local="131147152481640827" remote="131533460400000000" Dst="0" />
<file name="tradeinvestment_1.jpg" server="www.acnfoundation.org//public_html/" local="131147172664502546" remote="131533460400000000" Dst="0" />
</dwsync>