<?xml version="1.0" encoding="utf-8" ?>
<dwsync>
<file name="african caribbean women con.jpg" server="www.acnfoundation.net//public_html/" local="131135066242386050" remote="131135217000000000" Dst="0" />
<file name="african_music_seminar.jpg" server="www.acnfoundation.net//public_html/" local="131135156028401167" remote="131135217000000000" Dst="0" />
<file name="africa_map.jpg" server="www.acnfoundation.net//public_html/" local="131135016813601713" remote="131135217000000000" Dst="0" />
<file name="africa_map.png" server="www.acnfoundation.net//public_html/" local="131122911956169262" remote="131135217000000000" Dst="0" />
<file name="africef.png" server="www.acnfoundation.net//public_html/" local="131122911945004825" remote="131135217000000000" Dst="0" />
<file name="africef_2016.png" server="www.acnfoundation.net//public_html/" local="131127080391790985" remote="131135217000000000" Dst="0" />
<file name="africef_thumbnail.png" server="www.acnfoundation.net//public_html/" local="131135032195885176" remote="131135217000000000" Dst="0" />
<file name="afritex.jpg" server="www.acnfoundation.net//public_html/" local="131135043371609883" remote="131135217000000000" Dst="0" />
<file name="afritex.png" server="www.acnfoundation.net//public_html/" local="131122911930979093" remote="131135217000000000" Dst="0" />
<file name="afritex_smalllogo.jpg" server="www.acnfoundation.net//public_html/" local="131135046187080862" remote="131135217600000000" Dst="0" />
<file name="afritex_smalllogo_02.jpg" server="www.acnfoundation.net//public_html/" local="131135047047845413" remote="131135217600000000" Dst="0" />
<file name="afw.gif" server="www.acnfoundation.net//public_html/" local="131122911919914157" remote="131135217600000000" Dst="0" />
<file name="ardp.jpg" server="www.acnfoundation.net//public_html/" local="131135159831899145" remote="131135217600000000" Dst="0" />
<file name="bnr2.jpg" server="www.acnfoundation.net//public_html/" local="131122911911577348" remote="131135217600000000" Dst="0" />
<file name="buhari.jpg" server="www.acnfoundation.net//public_html/" local="131127110536126464" remote="131135217600000000" Dst="0" />
<file name="button_error.gif" server="www.acnfoundation.net//public_html/" local="131122911894716341" remote="131135217600000000" Dst="0" />
<file name="caribbean_games.jpg" server="www.acnfoundation.net//public_html/" local="131135049158045065" remote="131135217600000000" Dst="0" />
<file name="Charles Juliana.jpg" server="www.acnfoundation.net//public_html/" local="131129983673382863" remote="131135217600000000" Dst="0" />
<file name="Courtar Joslyn L.jpg" server="www.acnfoundation.net//public_html/" local="131129960120802747" remote="131135217600000000" Dst="0" />
<file name="duru_justin.jpg" server="www.acnfoundation.net//public_html/" local="131129953693540952" remote="131135217600000000" Dst="0" />
<file name="duru_justin_94.gif" server="www.acnfoundation.net//public_html/" local="131129956938168663" remote="131135217600000000" Dst="0" />
<file name="facebooktwitter.png" server="www.acnfoundation.net//public_html/" local="131122911886434476" remote="131135217600000000" Dst="0" />
<file name="funaablogo4scholars_02.png" server="www.acnfoundation.net//public_html/" local="131127215636685127" remote="131135217600000000" Dst="0" />
<file name="games.png" server="www.acnfoundation.net//public_html/" local="131122911877994186" remote="131135217600000000" Dst="0" />
<file name="logo.png" server="www.acnfoundation.net//public_html/" local="131122911864058588" remote="131135217600000000" Dst="0" />
<file name="logo2.png" server="www.acnfoundation.net//public_html/" local="131122954335116604" remote="131135217600000000" Dst="0" />
<file name="logo3.png" server="www.acnfoundation.net//public_html/" local="131122954607863790" remote="131135217600000000" Dst="0" />
<file name="logo3_120.png" server="www.acnfoundation.net//public_html/" local="131122955873485519" remote="131135217600000000" Dst="0" />
<file name="logo_old.png" server="www.acnfoundation.net//public_html/" local="131122911852924307" remote="131135217600000000" Dst="0" />
<file name="mahama.jpg" server="www.acnfoundation.net//public_html/" local="131127111222502527" remote="131135217600000000" Dst="0" />
<file name="ms_patience.jpg" server="www.acnfoundation.net//public_html/" local="131135154304005313" remote="131135217600000000" Dst="0" />
<file name="Nanvyap.jpg" server="www.acnfoundation.net//public_html/" local="131129986231069761" remote="131135217600000000" Dst="0" />
<file name="nophotoavatar.png" server="www.acnfoundation.net//public_html/" local="131122911841771873" remote="131135217600000000" Dst="0" />
<file name="olusegun.jpg" server="www.acnfoundation.net//public_html/" local="131127094702691809" remote="131135217600000000" Dst="0" />
<file name="owen.jpg" server="www.acnfoundation.net//public_html/" local="131127227613537523" remote="131135217600000000" Dst="0" />
<file name="patterson.jpg" server="www.acnfoundation.net//public_html/" local="131127111655269111" remote="131135217600000000" Dst="0" />
<file name="perry.jpg" server="www.acnfoundation.net//public_html/" local="131127112092098325" remote="131135217600000000" Dst="0" />
<file name="presenters.jpg" server="www.acnfoundation.net//public_html/" local="131127256413952188" remote="131135217600000000" Dst="0" />
<file name="skillacquisition.gif" server="www.acnfoundation.net//public_html/" local="131122911833493591" remote="131135217600000000" Dst="0" />
<file name="stuart.jpg" server="www.acnfoundation.net//public_html/" local="131127112555036294" remote="131135217600000000" Dst="0" />
<file name="sunrise.gif" server="www.acnfoundation.net//public_html/" local="131122911824875101" remote="131135217600000000" Dst="0" />
<file name="sunrise_africa.png" server="www.acnfoundation.net//public_html/" local="131122911816448933" remote="131135217600000000" Dst="0" />
<file name="sunrise_thumbnail.jpg" server="www.acnfoundation.net//public_html/" local="131135095443850509" remote="131135217600000000" Dst="0" />
<file name="tep.gif" server="www.acnfoundation.net//public_html/" local="131122911802437029" remote="131135217600000000" Dst="0" />
<file name="tinexexpo.jpg" server="www.acnfoundation.net//public_html/" local="131122911794168881" remote="131135217600000000" Dst="0" />
<file name="trade01.gif" server="www.acnfoundation.net//public_html/" local="131122911785779728" remote="131135217600000000" Dst="0" />
<file name="trade01.png" server="www.acnfoundation.net//public_html/" local="131122911774718277" remote="131135217600000000" Dst="0" />
<file name="trade01_old.gif" server="www.acnfoundation.net//public_html/" local="131122911760727558" remote="131135217600000000" Dst="0" />
<file name="trade02.gif" server="www.acnfoundation.net//public_html/" local="131122911749647809" remote="131135217600000000" Dst="0" />
<file name="trade02.png" server="www.acnfoundation.net//public_html/" local="131122911738469161" remote="131135217600000000" Dst="0" />
<file name="trade03.gif" server="www.acnfoundation.net//public_html/" local="131122911724531543" remote="131135217600000000" Dst="0" />
<file name="trade03.png" server="www.acnfoundation.net//public_html/" local="131122911709549409" remote="131135217600000000" Dst="0" />
<file name="trade04.gif" server="www.acnfoundation.net//public_html/" local="131122911695539357" remote="131135217600000000" Dst="0" />
<file name="trade04.png" server="www.acnfoundation.net//public_html/" local="131122911684306386" remote="131135217600000000" Dst="0" />
<file name="Ubadigbo Chuks.jpg" server="www.acnfoundation.net//public_html/" local="131129989773497620" remote="131135217600000000" Dst="0" />
<file name="uhuru.jpg" server="www.acnfoundation.net//public_html/" local="131127113562559780" remote="131135217600000000" Dst="0" />
<file name="warning2.png" server="www.acnfoundation.net//public_html/" local="131122911673126585" remote="131135217600000000" Dst="0" />
<file name="women.png" server="www.acnfoundation.net//public_html/" local="131122911664769128" remote="131135217600000000" Dst="0" />
<file name="youthconference.gif" server="www.acnfoundation.net//public_html/" local="131122911653406961" remote="131135217600000000" Dst="0" />
<file name="african caribbean women con.jpg" server="www.acnfoundation.org//public_html/" local="131135066242386050" remote="131533460400000000" Dst="0" />
<file name="african_music_seminar.jpg" server="www.acnfoundation.org//public_html/" local="131135156028401167" remote="131533460400000000" Dst="0" />
<file name="africa_map.jpg" server="www.acnfoundation.org//public_html/" local="131135016813601713" remote="131533460400000000" Dst="0" />
<file name="africa_map.png" server="www.acnfoundation.org//public_html/" local="131122911956169262" remote="131533460400000000" Dst="0" />
<file name="africef.png" server="www.acnfoundation.org//public_html/" local="131122911945004825" remote="131533460400000000" Dst="0" />
<file name="africef_2016.png" server="www.acnfoundation.org//public_html/" local="131127080391790985" remote="131533460400000000" Dst="0" />
<file name="africef_thumbnail.png" server="www.acnfoundation.org//public_html/" local="131135032195885176" remote="131533460400000000" Dst="0" />
<file name="afritex.jpg" server="www.acnfoundation.org//public_html/" local="131135043371609883" remote="131533460400000000" Dst="0" />
<file name="afritex.png" server="www.acnfoundation.org//public_html/" local="131122911930979093" remote="131533460400000000" Dst="0" />
<file name="afritex_smalllogo.jpg" server="www.acnfoundation.org//public_html/" local="131135046187080862" remote="131533460400000000" Dst="0" />
<file name="afritex_smalllogo_02.jpg" server="www.acnfoundation.org//public_html/" local="131135047047845413" remote="131533460400000000" Dst="0" />
<file name="afw.gif" server="www.acnfoundation.org//public_html/" local="131122911919914157" remote="131533460400000000" Dst="0" />
<file name="ardp.jpg" server="www.acnfoundation.org//public_html/" local="131135159831899145" remote="131533460400000000" Dst="0" />
<file name="buhari.jpg" server="www.acnfoundation.org//public_html/" local="131127110536126464" remote="131533460400000000" Dst="0" />
<file name="bnr2.jpg" server="www.acnfoundation.org//public_html/" local="131122911911577348" remote="131533460400000000" Dst="0" />
<file name="button_error.gif" server="www.acnfoundation.org//public_html/" local="131122911894716341" remote="131533460400000000" Dst="0" />
<file name="caribbean_games.jpg" server="www.acnfoundation.org//public_html/" local="131135049158045065" remote="131533460400000000" Dst="0" />
<file name="Charles Juliana.jpg" server="www.acnfoundation.org//public_html/" local="131129983673382863" remote="131533460400000000" Dst="0" />
<file name="Courtar Joslyn L.jpg" server="www.acnfoundation.org//public_html/" local="131129960120802747" remote="131533460400000000" Dst="0" />
<file name="duru_justin_94.gif" server="www.acnfoundation.org//public_html/" local="131129956938168663" remote="131533460400000000" Dst="0" />
<file name="duru_justin.jpg" server="www.acnfoundation.org//public_html/" local="131129953693540952" remote="131533460400000000" Dst="0" />
<file name="facebooktwitter.png" server="www.acnfoundation.org//public_html/" local="131122911886434476" remote="131533460400000000" Dst="0" />
<file name="funaablogo4scholars_02.png" server="www.acnfoundation.org//public_html/" local="131127215636685127" remote="131533460400000000" Dst="0" />
<file name="games.png" server="www.acnfoundation.org//public_html/" local="131122911877994186" remote="131533460400000000" Dst="0" />
<file name="logo.png" server="www.acnfoundation.org//public_html/" local="131122911864058588" remote="131533460400000000" Dst="0" />
<file name="logo2.png" server="www.acnfoundation.org//public_html/" local="131122954335116604" remote="131533460400000000" Dst="0" />
<file name="logo3.png" server="www.acnfoundation.org//public_html/" local="131122954607863790" remote="131533460400000000" Dst="0" />
<file name="logo3_120.png" server="www.acnfoundation.org//public_html/" local="131122955873485519" remote="131533460400000000" Dst="0" />
<file name="logo_old.png" server="www.acnfoundation.org//public_html/" local="131122911852924307" remote="131533460400000000" Dst="0" />
<file name="mahama.jpg" server="www.acnfoundation.org//public_html/" local="131127111222502527" remote="131533460400000000" Dst="0" />
<file name="ms_patience.jpg" server="www.acnfoundation.org//public_html/" local="131135154304005313" remote="131533460400000000" Dst="0" />
<file name="Nanvyap.jpg" server="www.acnfoundation.org//public_html/" local="131129986231069761" remote="131533460400000000" Dst="0" />
<file name="nophotoavatar.png" server="www.acnfoundation.org//public_html/" local="131122911841771873" remote="131533460400000000" Dst="0" />
<file name="olusegun.jpg" server="www.acnfoundation.org//public_html/" local="131127094702691809" remote="131533460400000000" Dst="0" />
<file name="owen.jpg" server="www.acnfoundation.org//public_html/" local="131127227613537523" remote="131533460400000000" Dst="0" />
<file name="patterson.jpg" server="www.acnfoundation.org//public_html/" local="131127111655269111" remote="131533460400000000" Dst="0" />
<file name="perry.jpg" server="www.acnfoundation.org//public_html/" local="131127112092098325" remote="131533460400000000" Dst="0" />
<file name="presenters.jpg" server="www.acnfoundation.org//public_html/" local="131127256413952188" remote="131533460400000000" Dst="0" />
<file name="skillacquisition.gif" server="www.acnfoundation.org//public_html/" local="131122911833493591" remote="131533460400000000" Dst="0" />
<file name="stuart.jpg" server="www.acnfoundation.org//public_html/" local="131127112555036294" remote="131533460400000000" Dst="0" />
<file name="sunrise.gif" server="www.acnfoundation.org//public_html/" local="131122911824875101" remote="131533460400000000" Dst="0" />
<file name="sunrise_africa.png" server="www.acnfoundation.org//public_html/" local="131122911816448933" remote="131533460400000000" Dst="0" />
<file name="sunrise_thumbnail.jpg" server="www.acnfoundation.org//public_html/" local="131135095443850509" remote="131533460400000000" Dst="0" />
<file name="tep.gif" server="www.acnfoundation.org//public_html/" local="131122911802437029" remote="131533460400000000" Dst="0" />
<file name="tinexexpo.jpg" server="www.acnfoundation.org//public_html/" local="131122911794168881" remote="131533460400000000" Dst="0" />
<file name="trade01.gif" server="www.acnfoundation.org//public_html/" local="131122911785779728" remote="131533460400000000" Dst="0" />
<file name="trade01.png" server="www.acnfoundation.org//public_html/" local="131122911774718277" remote="131533460400000000" Dst="0" />
<file name="trade01_old.gif" server="www.acnfoundation.org//public_html/" local="131122911760727558" remote="131533460400000000" Dst="0" />
<file name="trade02.gif" server="www.acnfoundation.org//public_html/" local="131122911749647809" remote="131533460400000000" Dst="0" />
<file name="trade02.png" server="www.acnfoundation.org//public_html/" local="131122911738469161" remote="131533460400000000" Dst="0" />
<file name="trade03.gif" server="www.acnfoundation.org//public_html/" local="131122911724531543" remote="131533460400000000" Dst="0" />
<file name="trade03.png" server="www.acnfoundation.org//public_html/" local="131122911709549409" remote="131533460400000000" Dst="0" />
<file name="trade04.gif" server="www.acnfoundation.org//public_html/" local="131122911695539357" remote="131533460400000000" Dst="0" />
<file name="Ubadigbo Chuks.jpg" server="www.acnfoundation.org//public_html/" local="131129989773497620" remote="131533460400000000" Dst="0" />
<file name="trade04.png" server="www.acnfoundation.org//public_html/" local="131122911684306386" remote="131533460400000000" Dst="0" />
<file name="uhuru.jpg" server="www.acnfoundation.org//public_html/" local="131127113562559780" remote="131533460400000000" Dst="0" />
<file name="warning2.png" server="www.acnfoundation.org//public_html/" local="131122911673126585" remote="131533460400000000" Dst="0" />
<file name="youthconference.gif" server="www.acnfoundation.org//public_html/" local="131122911653406961" remote="131533460400000000" Dst="0" />
<file name="women.png" server="www.acnfoundation.org//public_html/" local="131122911664769128" remote="131533460400000000" Dst="0" />
<file name="afmutual fund.PNG" server="www.acnfoundation.org//public_html/" local="131536684388685721" remote="131540308800000000" Dst="0" />
<file name="mutual trust.PNG" server="www.acnfoundation.org//public_html/" local="131536653384544223" remote="131540308800000000" Dst="0" />
</dwsync>