<?xml version="1.0" encoding="utf-8" ?>
<dwsync>
<file name="Charles-Juliana.gif" server="www.acnfoundation.net//public_html/" local="131129985025039072" remote="131135217600000000" Dst="0" />
<file name="chika.gif" server="www.acnfoundation.net//public_html/" local="131122912003377579" remote="131135217600000000" Dst="0" />
<file name="Courtar-Joslyn-L.gif" server="www.acnfoundation.net//public_html/" local="131129960673043546" remote="131135217600000000" Dst="0" />
<file name="duru_justin.gif" server="www.acnfoundation.net//public_html/" local="131129957189936950" remote="131135217600000000" Dst="0" />
<file name="fowler.gif" server="www.acnfoundation.net//public_html/" local="131122911995087312" remote="131135217600000000" Dst="0" />
<file name="joslyn.gif" server="www.acnfoundation.net//public_html/" local="131122911986725199" remote="131135217600000000" Dst="0" />
<file name="juliana.gif" server="www.acnfoundation.net//public_html/" local="131122911978452399" remote="131135217600000000" Dst="0" />
<file name="justin.gif" server="www.acnfoundation.net//public_html/" local="131122911970008410" remote="131135217600000000" Dst="0" />
<file name="Nanvyap.gif" server="www.acnfoundation.net//public_html/" local="131129986582795062" remote="131135217600000000" Dst="0" />
<file name="Ubadigbo-Chuks.gif" server="www.acnfoundation.net//public_html/" local="131129990671475951" remote="131135217600000000" Dst="0" />
</dwsync>