<?xml version="1.0" encoding="utf-8" ?>
<dwsync>
<file name="TINEX REGISTRATION FORM_old.pdf" server="www.acnfoundation.net//public_html/" local="131122911537444072" remote="131135217000000000" Dst="0" />
<file name="TINEX-Information-Booklet.jpg" server="www.acnfoundation.net//public_html/" local="131122911509835854" remote="131135217000000000" Dst="0" />
<file name="TINEX REGISTRATION FORM.pdf" server="www.acnfoundation.net//public_html/" local="131122911639561865" remote="131135217000000000" Dst="0" />
<file name="TINEXInfoBooklet_thumbnail.gif" server="www.acnfoundation.net//public_html/" local="131122911493082181" remote="131135217000000000" Dst="0" />
<file name="TINEXInfoBooklet.pdf" server="www.acnfoundation.net//public_html/" local="131122915640886463" remote="131135224200000000" Dst="0" />
<file name="TINEX-Information-Booklet.jpg" server="www.acnfoundation.org//public_html/" local="131122911509835854" remote="131533460400000000" Dst="0" />
<file name="TINEX REGISTRATION FORM_old.pdf" server="www.acnfoundation.org//public_html/" local="131122911537444072" remote="131533460400000000" Dst="0" />
<file name="TINEXInfoBooklet_thumbnail.gif" server="www.acnfoundation.org//public_html/" local="131122911493082181" remote="131533460400000000" Dst="0" />
<file name="TINEX REGISTRATION FORM.pdf" server="www.acnfoundation.org//public_html/" local="131122911639561865" remote="131533460400000000" Dst="0" />
<file name="TINEXInfoBooklet.pdf" server="www.acnfoundation.org//public_html/" local="131122915640886463" remote="131533462200000000" Dst="0" />
<file name="MFP Registration Form.pdf" server="www.acnfoundation.org//public_html/" local="131540268266039826" remote="131540308800000000" Dst="0" />
</dwsync>