<?xml version="1.0" encoding="utf-8" ?>
<dwsync>
<file name="aboutus.php" server="www.acnfoundation.net//public_html/" local="131141220547278138" remote="131141265000000000" Dst="0" />
<file name="aboutus_content.php" server="www.acnfoundation.net//public_html/" local="131147137952040882" remote="131147211600000000" Dst="0" />
<file name="activate.php" server="www.acnfoundation.net//public_html/" local="131122911305763338" remote="131135217000000000" Dst="0" />
<file name="activities.php" server="www.acnfoundation.net//public_html/" local="131135114682351181" remote="131135217000000000" Dst="0" />
<file name="activities_content.php" server="www.acnfoundation.net//public_html/" local="131122911314110597" remote="131135217000000000" Dst="0" />
<file name="boardtopic.php" server="www.acnfoundation.net//public_html/" local="131122911314735618" remote="131135217000000000" Dst="0" />
<file name="boardtopic_code.php" server="www.acnfoundation.net//public_html/" local="131122911322391944" remote="131135217000000000" Dst="0" />
<file name="conn.php" server="www.acnfoundation.net//public_html/" local="131122911323016955" remote="131135217000000000" Dst="0" />
<file name="contact.php" server="www.acnfoundation.net//public_html/" local="131140158141856898" remote="131141265000000000" Dst="0" />
<file name="contact_content.php" server="www.acnfoundation.net//public_html/" local="131140218713841846" remote="131141265000000000" Dst="0" />
<file name="createtopic.php" server="www.acnfoundation.net//public_html/" local="131122911330936946" remote="131135217000000000" Dst="0" />
<file name="createtopic_code.php" server="www.acnfoundation.net//public_html/" local="131122911331405702" remote="131135217000000000" Dst="0" />
<file name="discussionboard.php" server="www.acnfoundation.net//public_html/" local="131122911339176189" remote="131135217000000000" Dst="0" />
<file name="discussionboardheader.php" server="www.acnfoundation.net//public_html/" local="131122911347770032" remote="131135217000000000" Dst="0" />
<file name="discussionboard_code.php" server="www.acnfoundation.net//public_html/" local="131122911339801191" remote="131135217000000000" Dst="0" />
<file name="events.php" server="www.acnfoundation.net//public_html/" local="131140142204193163" remote="131141265000000000" Dst="0" />
<file name="events_content.php" server="www.acnfoundation.net//public_html/" local="131146403014089886" remote="131146438800000000" Dst="0" />
<file name="footer.php" server="www.acnfoundation.net//public_html/" local="131127253149857858" remote="131135217000000000" Dst="0" />
<file name="forum.php" server="www.acnfoundation.net//public_html/" local="131122911364319575" remote="131135217000000000" Dst="0" />
<file name="forum_content.php" server="www.acnfoundation.net//public_html/" local="131122911364944581" remote="131135217000000000" Dst="0" />
<file name="frontpage.php" server="www.acnfoundation.net//public_html/" local="131147172785832611" remote="131147211600000000" Dst="0" />
<file name="header.php" server="www.acnfoundation.net//public_html/" local="131147190677117535" remote="131147244000000000" Dst="0" />
<file name="imageslider.php" server="www.acnfoundation.net//public_html/" local="131122970818483794" remote="131135217600000000" Dst="0" />
<file name="index.php" server="www.acnfoundation.net//public_html/" local="131141146354341278" remote="131141265000000000" Dst="0" />
<file name="logout.php" server="www.acnfoundation.net//public_html/" local="131122911389437819" remote="131135217600000000" Dst="0" />
<file name="mailtest1.php" server="www.acnfoundation.net//public_html/" local="131122911390033733" remote="131135217600000000" Dst="0" />
<file name="mailtest2.php" server="www.acnfoundation.net//public_html/" local="131122911397731585" remote="131135217600000000" Dst="0" />
<file name="mailtest3.php" server="www.acnfoundation.net//public_html/" local="131122911398402275" remote="131135217600000000" Dst="0" />
<file name="mainstylesheet.css" server="www.acnfoundation.net//public_html/" local="131127273390694758" remote="131135217600000000" Dst="0" />
<file name="profiles.php" server="www.acnfoundation.net//public_html/" local="131122911406754861" remote="131135217600000000" Dst="0" />
<file name="profiles_content.php" server="www.acnfoundation.net//public_html/" local="131122911414331079" remote="131135217600000000" Dst="0" />
<file name="programmes.php" server="www.acnfoundation.net//public_html/" local="131140086425679623" remote="131141265000000000" Dst="0" />
<file name="programmesimp.php" server="www.acnfoundation.net//public_html/" local="131122911423328061" remote="131135217600000000" Dst="0" />
<file name="programmesimp_content.php" server="www.acnfoundation.net//public_html/" local="131122911431520660" remote="131135217600000000" Dst="0" />
<file name="programmes_content.php" server="www.acnfoundation.net//public_html/" local="131141225468749726" remote="131141265000000000" Dst="0" />
<file name="registerlogin.php" server="www.acnfoundation.net//public_html/" local="131122911431676538" remote="131135218200000000" Dst="0" />
<file name="registerlogin_content.php" server="www.acnfoundation.net//public_html/" local="131122911439978487" remote="131135218200000000" Dst="0" />
<file name="regmailnotice.php" server="www.acnfoundation.net//public_html/" local="131122911439978487" remote="131135218200000000" Dst="0" />
<file name="signup.php" server="www.acnfoundation.net//public_html/" local="131122911448264177" remote="131135218200000000" Dst="0" />
<file name="signupcompleted.php" server="www.acnfoundation.net//public_html/" local="131122911457057532" remote="131135218200000000" Dst="0" />
<file name="signupcompleted_content.php" server="www.acnfoundation.net//public_html/" local="131122911456745362" remote="131135218200000000" Dst="0" />
<file name="signup_content.php" server="www.acnfoundation.net//public_html/" local="131122911448264177" remote="131135218200000000" Dst="0" />
<file name="tinex_expo2014.php" server="www.acnfoundation.net//public_html/" local="131141168272510190" remote="131141265000000000" Dst="0" />
<file name="tinex_expo_content.php" server="www.acnfoundation.net//public_html/" local="131122911468275906" remote="131135218200000000" Dst="0" />
<file name="tradeinvestmentbar.php" server="www.acnfoundation.net//public_html/" local="131122911473493153" remote="131135218200000000" Dst="0" />
<file name="uploader1.php" server="www.acnfoundation.net//public_html/" local="131122911476605161" remote="131135218200000000" Dst="0" />
<file name="acnf_backup.rar" server="www.acnfoundation.net//public_html/" local="131127078369423378" remote="131135224200000000" Dst="0" />
<file name="africa_raffle_draw_promotion.php" server="www.acnfoundation.net//public_html/" local="131141204653986465" remote="131141265000000000" Dst="0" />
<file name="africa_raffle_draw_promotion_content.php" server="www.acnfoundation.net//public_html/" local="131141201758154405" remote="131141265000000000" Dst="0" />
<file name="african_music_seminar_2000.php" server="www.acnfoundation.net//public_html/" local="131141205619117894" remote="131141265000000000" Dst="0" />
<file name="african_music_seminar_2000_content.php" server="www.acnfoundation.net//public_html/" local="131141196688290436" remote="131141265000000000" Dst="0" />
<file name="management.php" server="www.acnfoundation.net//public_html/" local="131141220929849978" remote="131141265000000000" Dst="0" />
<file name="management_content.php" server="www.acnfoundation.net//public_html/" local="131177472449570771" remote="131177509800000000" Dst="0" />
<file name="acnf_backup_27th July 2016.zip" server="www.acnfoundation.net//public_html/" local="131141088900567544" remote="131141271600000000" Dst="0" />
<file name="acnf_backup_27th July 2016.rar" server="www.acnfoundation.net//public_html/" local="131141083024405250" remote="131141271600000000" Dst="0" />
<file name="africef_content.php" server="www.acnfoundation.net//public_html/" local="131147139012887211" remote="131147211600000000" Dst="0" />
<file name="africef.php" server="www.acnfoundation.net//public_html/" local="131146408150139135" remote="131146443600000000" Dst="0" />
<file name="aboutus.php" server="www.acnfoundation.org//public_html/" local="131141220547278138" remote="131533461000000000" Dst="0" />
<file name="mainstylesheet.css" server="www.acnfoundation.org//public_html/" local="131127273390694758" remote="131533461000000000" Dst="0" />
<file name="header.php" server="www.acnfoundation.org//public_html/" local="131533422340272061" remote="131533461000000000" Dst="0" />
<file name="imageslider.php" server="www.acnfoundation.org//public_html/" local="131122970818483794" remote="131533461000000000" Dst="0" />
<file name="tradeinvestmentbar.php" server="www.acnfoundation.org//public_html/" local="131122911473493153" remote="131533461000000000" Dst="0" />
<file name="aboutus_content.php" server="www.acnfoundation.org//public_html/" local="131147137952040882" remote="131533461000000000" Dst="0" />
<file name="footer.php" server="www.acnfoundation.org//public_html/" local="131533421912986696" remote="131533461000000000" Dst="0" />
<file name="activate.php" server="www.acnfoundation.org//public_html/" local="131122911305763338" remote="131533461000000000" Dst="0" />
<file name="activities.php" server="www.acnfoundation.org//public_html/" local="131135114682351181" remote="131533461000000000" Dst="0" />
<file name="activities_content.php" server="www.acnfoundation.org//public_html/" local="131122911314110597" remote="131533461000000000" Dst="0" />
<file name="afresap.php" server="www.acnfoundation.org//public_html/" local="131541686789908983" remote="131541757200000000" Dst="0" />
<file name="afresap_content.php" server="www.acnfoundation.org//public_html/" local="131541689829504436" remote="131541757200000000" Dst="0" />
<file name="africa_raffle_draw_promotion.php" server="www.acnfoundation.org//public_html/" local="131141204653986465" remote="131533461000000000" Dst="0" />
<file name="africa_raffle_draw_promotion_content.php" server="www.acnfoundation.org//public_html/" local="131141201758154405" remote="131533461000000000" Dst="0" />
<file name="african_music_seminar_2000.php" server="www.acnfoundation.org//public_html/" local="131141205619117894" remote="131533461000000000" Dst="0" />
<file name="african_music_seminar_2000_content.php" server="www.acnfoundation.org//public_html/" local="131141196688290436" remote="131533461000000000" Dst="0" />
<file name="africef.php" server="www.acnfoundation.org//public_html/" local="131146408150139135" remote="131533461000000000" Dst="0" />
<file name="africef_content.php" server="www.acnfoundation.org//public_html/" local="131147139012887211" remote="131533461000000000" Dst="0" />
<file name="boardtopic.php" server="www.acnfoundation.org//public_html/" local="131122911314735618" remote="131533461000000000" Dst="0" />
<file name="discussionboardheader.php" server="www.acnfoundation.org//public_html/" local="131122911347770032" remote="131533461000000000" Dst="0" />
<file name="boardtopic_code.php" server="www.acnfoundation.org//public_html/" local="131122911322391944" remote="131533461000000000" Dst="0" />
<file name="conn.php" server="www.acnfoundation.org//public_html/" local="131122911323016955" remote="131533461000000000" Dst="0" />
<file name="contact.php" server="www.acnfoundation.org//public_html/" local="131140158141856898" remote="131533461000000000" Dst="0" />
<file name="contact_content.php" server="www.acnfoundation.org//public_html/" local="131533421650644488" remote="131533461000000000" Dst="0" />
<file name="createtopic.php" server="www.acnfoundation.org//public_html/" local="131122911330936946" remote="131533461000000000" Dst="0" />
<file name="createtopic_code.php" server="www.acnfoundation.org//public_html/" local="131122911331405702" remote="131533461000000000" Dst="0" />
<file name="discussionboard.php" server="www.acnfoundation.org//public_html/" local="131122911339176189" remote="131533461000000000" Dst="0" />
<file name="discussionboard_code.php" server="www.acnfoundation.org//public_html/" local="131122911339801191" remote="131533461000000000" Dst="0" />
<file name="events.php" server="www.acnfoundation.org//public_html/" local="131140142204193163" remote="131533461000000000" Dst="0" />
<file name="events_content.php" server="www.acnfoundation.org//public_html/" local="131146403014089886" remote="131533461000000000" Dst="0" />
<file name="forum.php" server="www.acnfoundation.org//public_html/" local="131122911364319575" remote="131533461000000000" Dst="0" />
<file name="forum_content.php" server="www.acnfoundation.org//public_html/" local="131122911364944581" remote="131533461000000000" Dst="0" />
<file name="frontpage.php" server="www.acnfoundation.org//public_html/" local="131541715217567949" remote="131541757200000000" Dst="0" />
<file name="index.php" server="www.acnfoundation.org//public_html/" local="131540864940443649" remote="131540901000000000" Dst="0" />
<file name="logout.php" server="www.acnfoundation.org//public_html/" local="131122911389437819" remote="131533461000000000" Dst="0" />
<file name="mailtest1.php" server="www.acnfoundation.org//public_html/" local="131122911390033733" remote="131533461000000000" Dst="0" />
<file name="mailtest2.php" server="www.acnfoundation.org//public_html/" local="131122911397731585" remote="131533461000000000" Dst="0" />
<file name="mailtest3.php" server="www.acnfoundation.org//public_html/" local="131122911398402275" remote="131533461000000000" Dst="0" />
<file name="management.php" server="www.acnfoundation.org//public_html/" local="131141220929849978" remote="131533461000000000" Dst="0" />
<file name="management_content.php" server="www.acnfoundation.org//public_html/" local="131540271673011882" remote="131540309400000000" Dst="0" />
<file name="profiles.php" server="www.acnfoundation.org//public_html/" local="131122911406754861" remote="131533461000000000" Dst="0" />
<file name="profiles_content.php" server="www.acnfoundation.org//public_html/" local="131122911414331079" remote="131533461000000000" Dst="0" />
<file name="programmes.php" server="www.acnfoundation.org//public_html/" local="131140086425679623" remote="131533461000000000" Dst="0" />
<file name="programmes_content.php" server="www.acnfoundation.org//public_html/" local="131141225468749726" remote="131533461000000000" Dst="0" />
<file name="programmesimp.php" server="www.acnfoundation.org//public_html/" local="131122911423328061" remote="131533461000000000" Dst="0" />
<file name="programmesimp_content.php" server="www.acnfoundation.org//public_html/" local="131122911431520660" remote="131533461000000000" Dst="0" />
<file name="registerlogin.php" server="www.acnfoundation.org//public_html/" local="131122911431676538" remote="131533461000000000" Dst="0" />
<file name="regmailnotice.php" server="www.acnfoundation.org//public_html/" local="131122911439978487" remote="131533461000000000" Dst="0" />
<file name="registerlogin_content.php" server="www.acnfoundation.org//public_html/" local="131122911439978487" remote="131533461000000000" Dst="0" />
<file name="signup.php" server="www.acnfoundation.org//public_html/" local="131122911448264177" remote="131533461000000000" Dst="0" />
<file name="signup_content.php" server="www.acnfoundation.org//public_html/" local="131122911448264177" remote="131533461000000000" Dst="0" />
<file name="signupcompleted.php" server="www.acnfoundation.org//public_html/" local="131122911457057532" remote="131533461000000000" Dst="0" />
<file name="signupcompleted_content.php" server="www.acnfoundation.org//public_html/" local="131122911456745362" remote="131533461000000000" Dst="0" />
<file name="tinex_expo2014.php" server="www.acnfoundation.org//public_html/" local="131141168272510190" remote="131533461000000000" Dst="0" />
<file name="tinex_expo_content.php" server="www.acnfoundation.org//public_html/" local="131122911468275906" remote="131533461000000000" Dst="0" />
<file name="uploader1.php" server="www.acnfoundation.org//public_html/" local="131122911476605161" remote="131533461000000000" Dst="0" />
<file name="mutual_fund_program.php" server="www.acnfoundation.org//public_html/" local="131541708930650489" remote="131541757200000000" Dst="0" />
<file name="mutualfundprogram_content.php" server="www.acnfoundation.org//public_html/" local="131541705973042924" remote="131541757200000000" Dst="0" />
<file name="socialmedia.inc.php" server="www.acnfoundation.org//public_html/" local="131541700355116756" remote="131541757200000000" Dst="0" />
</dwsync>